Oddtaxi, tags: 
Vinland Saga, tags: 
Scott Pilgrim, tags: 
One Piece, tags: 
JoJo Part 2, tags: 
JoJo Part 1, tags: 
Urusei Yatsura (2022), tags: 
A Place Further than the Universe, tags: 
Hunter X Hunter, tags: 
Erased, tags: 
The Promised Neverland (S1), Name: Yakusoku no Neverland, Name: The Promised Neverland, tags: 
Assassination Classroom, tags: 
The Ancient Magus Bride (S1), tags: 
Death Note, tags: 
JoJo Part 3, tags: 
Bleach The Thousand Year Blood War Arc, tags: 
Tokyo Ghoul, tags: 
Demon Slayer, tags: 
"Oshi no Ko", tags: Idol, Isekai
Akiba Meido Sensou, tags: Maids
Chihayafuru, tags: Drama
Chuunibyou demo Koi ga Shitai!, tags: Chuunibyou, Romance
Dosanko Gal wa Namara Menkoi, tags: Gyaru, Romance
Fruits Basket (2001), Name: Fruits Basket, tags: Drama, Shojo, Zodiac, Romance
Horimiya: Piece, tags: Romance
Houkago Saikoro Club, tags: Board games
Idol, tags: 
"Ijiranaide Nagatoro-san 2nd Attack", tags: 
Kanojo mo Kanojo, tags: 
Kanojo mo Kanojo Season 2, tags: 
"Kanojo Okarishimasu", tags: 
"Keikenzumi na Kimi to Keiken Zero na Ore ga Otsukiai suru Hanashi.", tags: 
Kidou Senshi Gundam: Suisei no Majo, tags: 
Kidou Senshi Gundam: Suisei no Majo - Prologue, tags: 
Kidou Senshi Gundam: Suisei no Majo Season 2, tags: 
Kimi no Koto ga Daidaidaidaidaisuki na 100-nin no Kanojo, tags: 
"Komi-san wa Comyushou desu.", Name: "Komi-san wa, Comyushou desu.", tags: 
"Komi-san wa Comyushou desu. 2nd Season", Name: "Komi-san wa, Comyushou desu. 2nd Season", tags: 
Kurenai no Buta, tags: 
Nodame Cantabile, tags: 
Otonari no Tenshi-sama ni Itsunomanika Dame Ningen ni Sareteita Ken, tags: 
Paripi Koumei, Name: Ya Boy! Kongming, tags: 
Renai Flops, tags: 
Shiguang Dailiren Fan Wai Pian: Biwu Zhaoqin, tags: 
Shin Kidou Senki Gundam Wing: Endless Waltz, tags: 
Shoujo Kakumei Utena: Adolescence Mokushiroku, tags: 
Skip Beat!, tags: 
Tensei Oujo to Tensai Reijou no Mahou Kakumei, tags: 
Uchi no Kaisha no Chiisai Senpai no Hanashi, tags: 
Yubisaki to Renren, tags: 
R.O.D: Read or Die, tags: 
R.O.D: The TV, tags: 
InuYasha, tags: 
Persona 4 the Animation, tags: 
Summertime Render, tags: 
Kakkou no Iinazuke, tags: 
Shiguang Dailiren II, tags: 
"Fuufu Ijou, Koibito Miman.", tags: 
Kubo-san wa Mob wo Yurusanai, tags: 
Initial D First Stage, tags: 
Bishoujo Senshi Sailor Moon, tags: 
Jahy-sama wa Kujikenai!, tags: 
Jidou Hanbaiki ni Umarekawatta Ore wa Meikyuu wo Samayou, tags: 
Undead Unluck, tags: 
Mato Seihei no Slave, tags: 
Oniichan wa Oshimai!, tags: 
Suki na Ko ga Megane wo Wasureta, tags: 
Wind Breaker, tags: 
11eyes, tags: 
5-toubun no Hanayome, tags: 
5-toubun no Hanayome ∬, tags: 
86, tags: 
86 Part 2, tags: 
Akame ga Kill!, tags: 
Amnesia, tags: 
Angel Beats!, tags: 
Ao no Exorcist, tags: 
Ao no Exorcist: Kyoto Fujouou-hen, tags: 
Ao no Kanata no Four Rhythm, tags: 
Aoki Hagane no Arpeggio: Ars Nova, tags: 
Asobi ni Iku yo!, tags: 
Asobi ni Iku yo!: Asobi ni Oide, tags: 
B-gata H-kei, tags: 
Baka to Test to Shoukanjuu, tags: 
Bakemonogatari, tags: 
Basilisk: Kouga Ninpou Chou, tags: 
Bayonetta: Bloody Fate, tags: 
Big Order (TV), tags: 
Birdie Wing: Golf Girls' Story, tags: 
Black Blood Brothers, tags: 
Black Clover, tags: 
Black★Rock Shooter, tags: 
Black★Rock Shooter (OVA), tags: 
Black★Rock Shooter (TV), tags: 
Blood+, tags: 
Bloodivores, tags: 
Boku no Hero Academia, Name: My Hero Academia, tags: 
Boku no Hero Academia 2nd Season, tags: 
Boku no Hero Academia 3rd Season, tags: 
Boku no Hero Academia 4th Season, tags: 
Boku no Hero Academia 5th Season, tags: 
Boku no Hero Academia 6th Season, tags: 
Boku wa Tomodachi ga Sukunai, tags: 
Boku wa Tomodachi ga Sukunai Next, tags: 
Boku wa Tomodachi ga Sukunai: Yaminabe wa Bishoujo ga Zannen na Nioi, tags: 
Bokura wa Minna Kawai-sou, tags: 
Bounen no Xamdou, tags: 
Brotherhood: Final Fantasy XV, tags: 
Bubuki Buranki, tags: 
Bungou Stray Dogs: Dead Apple, tags: 
Canaan, tags: 
ChäoS;Child, tags: 
ChäoS;HEAd, tags: 
Chime, tags: 
Chobits, tags: 
Choujigen Game Neptune The Animation, tags: 
Citrus, tags: 
Clannad, tags: 
Clannad: After Story, tags: 
Comet Lucifer, tags: 
Cyberpunk: Edgerunners, Name: Cyberpunk Edgerunners, tags: 
D.Gray-man, tags: 
D.Gray-man Hallow, tags: 
"Dakara Boku wa, H ga Dekinai.", tags: 
Dansai Bunri no Crime Edge, tags: 
Darker than Black: Kuro no Keiyakusha, tags: 
Darker than Black: Kuro no Keiyakusha - Sakura no Hana no Mankai no Shita, tags: 
Darker than Black: Kuro no Keiyakusha Gaiden, tags: 
Darker than Black: Ryuusei no Gemini, tags: 
Darling in the FranXX, tags: 
Darwin's Game, tags: 
Date A Bullet: Dead or Bullet, tags: 
Date A Bullet: Nightmare or Queen, tags: 
Date A Live, tags: 
Date A Live II, tags: 
Date A Live III, tags: 
Date A Live IV, tags: 
Deadman Wonderland, tags: 
Deatte 5-byou de Battle, tags: 
Devil May Cry, tags: 
Dies Irae, tags: 
Dies Irae: To the Ring Reincarnation, tags: 
Downloader, tags: 
Dr. Stone, tags: 
Dr. Stone: Stone Wars, tags: 
Dragonaut: The Resonance, tags: 
Dungeon ni Deai wo Motomeru no wa Machigatteiru Darou ka, tags: 
El Cazador de la Bruja, tags: 
Elfen Lied, tags: 
Enen no Shouboutai: Ni no Shou, tags: 
Engage Kiss, tags: 
Ergo Proxy, tags: 
Fairy Tail, tags: 
Fairy Tail (2014), tags: 
Fairy Tail: Final Series, tags: 
Fate/Grand Order: First Order, tags: 
Fate/stay night, tags: 
Fate/Zero, tags: 
Fate/Zero 2nd Season, tags: 
Final Fantasy VII: Advent Children, tags: 
Final Fantasy VII: Advent Children Complete, tags: 
Fumetsu no Anata e, tags: 
Ga-Rei: Zero, tags: 
"Gaikotsu Kishi-sama, Tadaima Isekai e Odekakechuu", tags: 
Gaikotsu Shotenin Honda-san, tags: 
Gakusen Toshi Asterisk, tags: 
Gakusen Toshi Asterisk 2nd Season, tags: 
Gamers!, tags: 
"Gate: Jieitai Kanochi nite, Kaku Tatakaeri", tags: 
"Gate: Jieitai Kanochi nite, Kaku Tatakaeri Part 2", tags: 
Genei wo Kakeru Taiyou, tags: 
Girly Air Force, tags: 
Goblin Slayer, tags: 
Goblin Slayer II, tags: 
Goblin Slayer: Goblin's Crown, tags: 
God Eater, tags: 
Gokukoku no Brynhildr, tags: 
Gosick, tags: 
Guilty Crown, tags: 
Hanebado!, tags: 
Harukana Receive, tags: 
Hataraku Maou-sama!!, tags: 
Hidan no Aria, tags: 
Hidan no Aria AA, tags: 
Hige wo Soru. Soshite Joshikousei wo Hirou., tags: 
High School DxD, tags: Ecchi
High School DxD BorN, tags: 
High School DxD Hero, tags: 
High School DxD New, tags: 
Highschool of the Dead, tags: 
Highschool of the Dead: Drifters of the Dead, tags: 
Higurashi no Naku Koro ni, tags: 
Higurashi no Naku Koro ni Kai, tags: 
Higurashi no Naku Koro ni Kaku: Outbreak, tags: 
Higurashi no Naku Koro ni Kira, tags: 
Higurashi no Naku Koro ni Rei, tags: 
Higurashi no Naku Koro ni Special: Nekogoroshi-hen, tags: 
Hundred, tags: 
Ibara no Ou, tags: 
Ichiban Ushiro no Daimaou, tags: 
Nagatoro, Name: "Ijiranaide, Nagatoro-san", Name: "Ijiranaide Nagatoro-san", tags: Romance
Inferno Cop: Fact Files, tags: 
Isekai Maou to Shoukan Shoujo no Dorei Majutsu, tags: 
Isekai Yakkyoku, tags: 
Itsuka Tenma no Kuro Usagi, tags: 
Juushin Enbu: Hero Tales, tags: 
K, tags: 
K-On!, tags: 
K: Return of Kings, tags: 
Kami no Tou, tags: 
Kami nomi zo Shiru Sekai, tags: 
Kami nomi zo Shiru Sekai II, tags: 
Kami nomi zo Shiru Sekai: Megami-hen, tags: 
Kantai Collection: KanColle, tags: 
Kaze no Stigma, tags: 
Keijo!!!!!!!!, tags: 
Kidou Butouden G Gundam, tags: 
Kimetsu no Yaiba: Mugen Ressha-hen, tags: 
Kingsglaive: Final Fantasy XV, tags: 
Kobayashi-san Chi no Maid Dragon, tags: 
Kobayashi-san Chi no Maid Dragon S, tags: 
Kono Subarashii Sekai ni Shukufuku wo! 2, tags: 
Kore wa Zombie desu ka?, tags: 
Kore wa Zombie desu ka? of the Dead, tags: 
"Kore wa Zombie desu ka? of the Dead: Hai, Minotake ni Attemasu", tags: 
Kore wa Zombie desu ka? OVA, tags: 
Koukaku no Regios, tags: 
Kurogane no Linebarrels, tags: 
Leadale no Daichi nite, tags: 
Log Horizon, tags: 
Log Horizon 2nd Season, tags: 
Lycoris Recoil, tags: 
Mahou Shoujo Tokushusen Asuka, tags: 
Mahouka Koukou no Rettousei, tags: 
"Maou Gakuin no Futekigousha: Shijou Saikyou no Maou no Shiso, Tensei shite Shison-tachi no Gakkou e Kayou", tags: 
Mashiro no Oto, tags: 
Mayoiga, tags: 
Medaka Box, tags: 
Medaka Box Abnormal, tags: 
Metallic Rouge, tags: 
Mieruko-chan, tags: 
Mini Dragon, tags: 
Mirai Nikki (TV), tags: 
Mnemosyne: Mnemosyne no Musume-tachi, tags: 
Mob Psycho 100 III, tags: 
Momo Kyun Sword, tags: 
Mondaiji-tachi ga Isekai kara Kuru Sou desu yo?, tags: 
Murder Princess, tags: 
Musaigen no Phantom World, tags: 
Mushoku Tensei II: Isekai Ittara Honki Dasu, tags: 
Mushoku Tensei II: Isekai Ittara Honki Dasu - Shugo Jutsushi Fitz, tags: 
Mushoku Tensei: Isekai Ittara Honki Dasu, tags: 
Mushoku Tensei: Isekai Ittara Honki Dasu Part 2, tags: 
Nabari no Ou, tags: 
Needless, tags: 
Needless+: Saint Lily Gakuen no Himitsu, tags: 
Netoge no Yome wa Onnanoko ja Nai to Omotta?, tags: 
New Game!, tags: 
New Game!!, tags: 
NieR:Automata Ver1.1a, Name: Nier Automata, tags: 
Nisekoi, tags: 
Nisekoi:, tags: 
Ookami to Koushinryou II: Holo no Short Anime, tags: 
Ookami to Koushinryou II: Ookami to Kohakuiro no Yuuutsu, tags: 
Ookami-san to Shichinin no Nakama-tachi, tags: 
"Ore, Twintail ni Narimasu.", tags: 
Ousama Game The Animation, tags: 
Overlord, tags: 
Overlord II, tags: 
Overlord III, tags: 
Overlord IV, tags: 
Persona 3 the Movie 2: Midsummer Knight's Dream, tags: 
Phantom: Requiem for the Phantom, tags: 
Plunderer, tags: 
Popotan, tags: 
Psycho-Pass 2, tags: 
Punch Line, tags: 
Qualidea Code, tags: 
Queen's Blade: Gyokuza wo Tsugu Mono, tags: 
Rakudai Kishi no Cavalry, tags: 
Rokka no Yuusha, tags: 
Rosario to Vampire, tags: 
Rosario to Vampire Capu2, tags: 
Saenai Heroine no Sodatekata, tags: 
Saenai Heroine no Sodatekata ♭: Koi to Junjou no Service-kai, tags: 
Sakura-sou no Pet na Kanojo, tags: 
Sakurako-san no Ashimoto ni wa Shitai ga Umatteiru, tags: 
Satsuriku no Tenshi, tags: 
School Days, tags: 
School Rumble Ni Gakki, tags: 
School Rumble: Ichi Gakki Hoshuu, tags: 
Seiken no Blacksmith, tags: 
Seireitsukai no Blade Dance, tags: 
"Sekai Saikou no Ansatsusha, Isekai Kizoku ni Tensei suru", tags: 
Sekirei, tags: 
Sekirei: Hajimete no Otsukai, tags: 
Sekirei: Pure Engagement, tags: 
Sekirei: Pure Engagement Episode 0, tags: 
Sengoku Otome: Momoiro Paradox, tags: 
Seto no Hanayome, tags: 
Shakugan no Shana, tags: 
Shakugan no Shana II (Second), tags: 
Shakugan no Shana III (Final), tags: 
Shigatsu wa Kimi no Uso, Name: Your Lie in April, tags: 
Shijou Saikyou no Deshi Kenichi, tags: 
Shikabane Hime: Aka, tags: 
Shikabane Hime: Kuro, tags: 
Shingeki no Kyojin, tags: 
Shingeki no Kyojin Season 2, tags: 
Shingeki no Kyojin Season 3, tags: 
Shingeki no Kyojin Season 3 Part 2, tags: 
Shingeki no Kyojin: The Final Season, tags: 
Shingeki no Kyojin: The Final Season Part 2, tags: 
Shingeki! Kyojin Chuugakkou, tags: 
Shinmai Maou no Testament, tags: 
Shinmai Maou no Testament Burst, tags: 
Shinmai Maou no Testament Burst: Toujou Basara no Shigoku Heiwa na Nichijou, tags: 
Shinmai Maou no Testament: Toujou Basara no Hard Sweet na Nichijou, tags: 
Shirokuma Cafe, tags: 
Shokugeki no Souma, tags: 
Shokugeki no Souma: Gou no Sara, tags: 
Shokugeki no Souma: Ni no Sara, tags: 
Shokugeki no Souma: San no Sara, tags: 
Shokugeki no Souma: San no Sara - Tootsuki Ressha-hen, tags: 
Shokugeki no Souma: Shin no Sara, tags: 
Shuffle!, tags: 
Shuumatsu no Izetta, tags: 
Sin: Nanatsu no Taizai, tags: 
SoniAni: Super Sonico The Animation, tags: 
Sora no Otoshimono, tags: 
Sora no Otoshimono Forte, tags: 
Sora no Otoshimono: Project Pink, tags: 
Sora no Otoshimono: Tokeijikake no Angeloid, tags: 
Soul Eater, tags: 
Sousei no Onmyouji, tags: 
SSSS.Gridman, tags: 
Steins;Gate, tags: 
Steins;Gate 0, tags: 
Steins;Gate Movie: Fuka Ryouiki no Déjà vu, tags: 
Steins;Gate: Oukoubakko no Poriomania, tags: 
Strike the Blood, tags: 
Suzume no Tojimari, tags: 
Sword Art Online, tags: 
Sword Art Online II, tags: 
Sword Art Online II: Debriefing, tags: 
Sword Art Online: Extra Edition, tags: 
Taboo Tattoo, tags: 
Takt Op. Destiny, tags: 
Tari Tari, tags: 
Tate no Yuusha no Nariagari, tags: 
Tate no Yuusha no Nariagari Season 2, tags: 
Tengen Toppa Gurren Lagann, tags: 
Tetsuwan Birdy Decode, tags: 
Tetsuwan Birdy Decode:02, tags: 
The Everlasting Guilty Crown, tags: 
To LOVE-Ru, tags: 
Tong Ling Fei, tags: 
Trinity Blood, tags: 
Trinity Seven, tags: 
Trinity Seven Movie 1: Eternity Library to Alchemic Girl, tags: 
Tsuujou Kougeki ga Zentai Kougeki de Ni-kai Kougeki no Okaasan wa Suki desu ka?, tags: 
Ulysses: Jehanne Darc to Renkin no Kishi, tags: 
Uma Musume: Pretty Derby, tags: 
Uma Musume: Pretty Derby Season 2, tags: 
Uma Musume: Pretty Derby Season 3, tags: 
Vivy: Fluorite Eye's Song, tags: 
Watashi ga Motenai no wa Dou Kangaetemo Omaera ga Warui!, tags: 
Witchblade, tags: 
World Destruction: Sekai Bokumetsu no Rokunin, tags: 
World Trigger, tags: 
World Trigger 2nd Season, tags: 
World Trigger 3rd Season, tags: 
Xian Wang de Richang Shenghuo, tags: 
Xian Wang de Richang Shenghuo 2, tags: 
Xian Wang de Richang Shenghuo 3, tags: 
Yahari Ore no Seishun Love Comedy wa Machigatteiru. Kan, tags: 
Yoku Wakaru Gendai Mahou, tags: 
Youkoso Jitsuryoku Shijou Shugi no Kyoushitsu e, tags: 
Young Black Jack, tags: 
Zetsuen no Tempest, tags: 
Zettai Shougeki: Platonic Heart, tags: 
Zom 100: Zombie ni Naru made ni Shitai 100 no Koto, tags: 
Zombieland Saga, tags: 
Zombieland Saga Revenge, tags: 
00:08, tags: 
1001 Nights, tags: 
12-sai.: Chicchana Mune no Tokimeki, tags: 
12-sai.: Chicchana Mune no Tokimeki 2nd Season, tags: 
180-byou de Kimi no Mimi wo Shiawase ni Dekiru ka?, tags: 
30-sai made Doutei dato Mahoutsukai ni Nareru Rashii, tags: 
3D Kanojo: Real Girl, tags: 
3D Kanojo: Real Girl 2nd Season, tags: 
6 Lovers, tags: 
91 Days, tags: 
"91 Days: Toki no Asase/Subete no Kinou/Ashita, Mata Ashita", tags: 
A-Girl, tags: 
ACCA: 13-ku Kansatsu-ka, tags: 
Acchi Kocchi, tags: 
Adachi to Shimamura, tags: 
Afro Samurai, tags: 
Aharen-san wa Hakarenai, tags: 
Ai no Utagoe wo Kikasete, tags: 
Aiura, tags: 
Akagami no Shirayuki-hime, tags: 
Akagami no Shirayuki-hime 2nd Season, tags: 
Akatsuki no Yona, tags: 
Akatsuki no Yona OVA, tags: 
Akebi-chan no Sailor-fuku, tags: 
Akkun to Kanojo, tags: 
Akudama Drive, tags: 
Alice to Zouroku, tags: 
Amaama to Inazuma, tags: 
Ame wo Tsugeru Hyouryuu Danchi, tags: 
Ani ni Tsukeru Kusuri wa Nai!, tags: 
Ani ni Tsukeru Kusuri wa Nai! 2, tags: 
Another, tags: 
Ansatsu Kyoushitsu, tags: 
Ansatsu Kyoushitsu 2nd Season, tags: 
Ansatsu Kyoushitsu: 365-nichi no Jikan, tags: 
Ao Haru Ride, tags: 
Aoi Bungaku Series, tags: 
Aoi Hana, tags: 
Appare-Ranman!, tags: 
Arakawa Under the Bridge, tags: 
Arcana Famiglia, tags: 
Arete Hime, tags: 
Arte, tags: 
Artiswitch, tags: 
Artiswitch Picture Drama, tags: 
Aru Asa Dummy Head Mic ni Natteita Ore-kun no Jinsei, tags: 
Asagao to Kase-san., tags: 
Ashita Sekai ga Owaru toshitemo, tags: 
Asobi Asobase, tags: 
Atarashii Joushi wa Do Tennen, tags: 
Ayaka, tags: 
Ayakashi Triangle, tags: 
Ayakashi: Japanese Classic Horror, tags: 
Baccano!, tags: 
Baccano! Specials, tags: 
Back Street Girls: Gokudolls, tags: 
Backkom, tags: 
Bakemono no Ko, tags: 
Ballroom e Youkoso, tags: 
Bananya, tags: 
Barakamon, tags: 
Bartender, tags: 
Birthday Wonderland, tags: 
Bishounen Tanteidan, tags: 
Black Lagoon, tags: 
Black Lagoon: The Second Barrage, tags: 
Blend S, tags: 
Blood Lad, tags: 
Blood Lad: Wagahai wa Neko de wa Nai, tags: 
Bocchi the Rock!, tags: 
Boku dake ga Inai Machi, tags: 
Boku no Kokoro no Yabai Yatsu, tags: 
Boku no Kokoro no Yabai Yatsu 2nd Season, tags: 
Boku wa Imouto ni Koi wo Suru, tags: 
Bonjour♪Koiaji Pâtisserie, tags: 
Brothers Conflict, tags: 
Bubble, tags: 
Buddy Daddies, tags: 
Bungou Stray Dogs, tags: 
Bungou Stray Dogs 2nd Season, tags: 
Bungou Stray Dogs 3rd Season, tags: 
Bungou Stray Dogs 4th Season, tags: 
Bungou Stray Dogs Wan!, tags: 
Burn the Witch, tags: 
Burn the Witch #0.8, tags: 
C Danchi, tags: 
Call Me Tonight, tags: 
Caramel Honey, tags: 
Carole & Tuesday, tags: 
Cencoroll, tags: 
Chainsaw Man, tags: 
Charlotte, tags: 
Charlotte: Tsuyoimono-tachi, tags: 
Cherry no Manma, tags: 
Chi's Sweet Home, tags: 
Chika Gentou Gekiga: Shoujo Tsubaki, tags: 
Chio-chan no Tsuugakuro, tags: 
Chouyaku Hyakuninisshu: Uta Koi., tags: 
Chuubyou Gekihatsu Boy, tags: 
Cider no You ni Kotoba ga Wakiagaru, tags: 
Cinderella Monogatari, tags: 
Cipher, tags: 
Colorful (Movie), tags: 
Cool Doji Danshi, tags: 
Coquelicot-zaka kara, tags: Movie, Romance
Corpse Party: Missing Footage, tags: 
Corpse Party: Tortured Souls - Bougyakusareta Tamashii no Jukyou, tags: 
Da Yu Hai Tang (Movie), tags: 
Dakaretai Otoko 1-i ni Odosarete Imasu., tags: 
Dakaretai Otoko 1-i ni Odosarete Imasu. Movie: Spain-hen, tags: 
Dance Dance Danseur, tags: 
Dance with Devils, tags: 
Danganronpa: Kibou no Gakuen to Zetsubou no Koukousei The Animation, tags: 
Danna ga Nani wo Itteiru ka Wakaranai Ken, tags: 
Danna ga Nani wo Itteiru ka Wakaranai Ken 2 Sure-me, tags: 
Danshi Koukousei no Nichijou, tags: 
Dead Leaves, tags: 
Deaimon, tags: 
Death Parade, tags: 
Deca-Dence, tags: 
Deji Meets Girl, tags: 
Dekiru Neko wa Kyou mo Yuuutsu, tags: 
Detroit Metal City, tags: 
Devilman: Crybaby, tags: 
Diabolik Lovers, tags: 
Do It Yourself!!, tags: 
Dog Signal, tags: 
Donten ni Warau, tags: 
Dorohedoro, tags: 
Dororo, tags: 
"Doukyonin wa Hiza, Tokidoki, Atama no Ue.", tags: 
Doukyuusei (Movie), tags: 
Dounika Naru Hibi, tags: 
Drifters, tags: 
Dumbbell Nan Kilo Moteru?, tags: 
Durarara!!, tags: 
Durarara!!x2 Ketsu, tags: 
Durarara!!x2 Shou, tags: 
Durarara!!x2 Ten, tags: 
Eiga Daisuki Pompo-san, tags: 
Eikoku Koi Monogatari Emma, tags: 
Eizouken ni wa Te wo Dasu na!, tags: 
Emiya-san Chi no Kyou no Gohan, tags: 
Enen no Shouboutai, tags: 
Ensemble Stars!, tags: 
Eromanga-sensei, tags: 
Fairy Ranmaru: Anata no Kokoro Otasuke Shimasu, tags: 
Fantasy Bishoujo Juniku Ojisan to, tags: 
Fastening Days, tags: 
Fastening Days 2, tags: 
Fastening Days 3, tags: 
Fastening Days 4, tags: 
Flying Witch, tags: 
Free!, tags: 
Free! Dive to the Future, tags: 
Free! Eternal Summer, tags: 
Free! Movie 4: The Final Stroke - Zenpen, tags: 
Fruits Basket (2019), Name: フルーツバスケット 1st Season, Name: Fruits Basket 1st Season, tags: Drama, Shojo, Zodiac, Romance
Fruits Basket 2nd Season, tags: Drama, Shojo, Zodiac, Romance
Fruits Basket: Prelude, tags: Romance, Drama, Shojo, Movie, Zodiac
Fruits Basket: The Final, tags: Drama, Shojo, Zodiac, Romance
Fudanshi Koukou Seikatsu, tags: 
Fudanshi Shoukan: Isekai de Shinjuu ni Hameraremashita, tags: 
Fudanshi Shoukan: Isekai de Shinjuu ni Hameraremashita 2nd Season, tags: 
Fudanshi Shoukan: Isekai de Shinjuu ni Hameraremashita 3rd Season, tags: 
Fugou Keiji: Balance:Unlimited, tags: 
Fullmetal Alchemist: Brotherhood, tags: 
Fune wo Amu, tags: 
Fuse: Teppou Musume no Torimonochou, tags: 
Gake no Ue no Ponyo, tags: 
Gakkou no Kaidan, tags: 
Gakkougurashi!, tags: 
Gakuen Babysitters, tags: 
Gakuen Heaven, tags: 
Gal to Kyouryuu, tags: 
Ganbare Douki-chan, tags: 
Ganbare Douki-chan: Kakusa Shakai ni Nayamu Kaisha no Douki, tags: 
Gangsta., tags: 
Gankutsuou, tags: 
Gekai Elise, tags: 
Gekkan Shoujo Nozaki-kun, tags: 
Gekkan Shoujo Nozaki-kun Specials, tags: 
Ghost Hunt, tags: 
Gin no Saji, tags: 
Given, tags: 
Given Movie 1, tags: 
Given: Uragawa no Sonzai, tags: 
Gokusen, tags: 
Gokushufudou, tags: 
Golden Time, tags: 
"Goodbye, Don Glees!", tags: 
Grand Blue, tags: 
Gravitation, tags: 
Great Pretender, tags: 
Great Teacher Onizuka, tags: 
Gugure! Kokkuri-san, tags: 
Gwahoheub, tags: 
Gyo, tags: 
Gyokou no Nikuko-chan, tags: 
Haikyuu!!, tags: Sports
Haikyuu!! Karasuno Koukou vs. Shiratorizawa Gakuen Koukou, tags: 
Haikyuu!! Second Season, tags: 
Haikyuu!! To the Top, tags: 
Haikyuu!! To the Top Part 2, tags: 
Hakubo, tags: 
Hakumei to Mikochi, tags: 
Hakuouki, tags: 
Hakuouki: Hekketsuroku, tags: 
Hakushaku to Yousei, tags: 
Hal, tags: 
Hana to Alice: Satsujin Jiken, tags: 
Hanako, tags: 
Hanasakeru Seishounen, tags: 
Hantsu x Trash, tags: 
Harmonie, tags: 
Hataraku Maou-sama!, tags: 
Hataraku Saibou, tags: 
Hataraku Saibou Black, tags: 
Hatsukoi Monster, tags: 
Heart no Kuni no Alice: Wonderful Wonder World, tags: 
Heisei Tanuki Gassen Ponpoko, tags: 
Heroine Tarumono! Kiraware Heroine to Naisho no Oshigoto, tags: 
Higashi no Eden, tags: 
Higashi no Eden Movie I: The King of Eden, tags: 
Higashi no Eden Movie II: Paradise Lost, tags: 
High Card, tags: 
High Score Girl, tags: 
High Score Girl II, tags: 
High Score Girl: Extra Stage, tags: 
High☆Speed! Movie: Free! Starting Days, tags: 
Himegoto, tags: 
Hinamatsuri (TV), tags: 
Hinata no Aoshigure, tags: 
Hirano to Kagiura, tags: 
Hirune Hime: Shiranai Watashi no Monogatari, tags: 
Hitorigurashi no Shougakusei, tags: 
Hitorijime My Hero, tags: 
Hiyokoi, tags: 
Hiyokoi (2012), tags: 
Honobono Log, tags: 
Hoozuki no Reitetsu, tags: 
Hoozuki no Reitetsu 2nd Season, tags: 
Hoozuki no Reitetsu 2nd Season: Sono Ni, tags: 
Hoozuki no Reitetsu OVA, tags: 
Horimiya, tags: Romance
Hotarubi no Mori e, tags: Movie
Houkago Shounen Hanako-kun, tags: 
Hourou Musuko, tags: 
Houseki no Kuni, tags: 
Housekishou Richard-shi no Nazo Kantei, tags: 
Howl no Ugoku Shiro, tags: 
Hyakushou Kizoku, tags: 
Hybrid Child, tags: 
Hyouka, tags: 
Hyouka: Motsubeki Mono wa, tags: 
Iblard Jikan, tags: 
Ichiban Kuji Natsume Yuujinchou: Nyanko-sensei to Hana Shirabe, tags: 
Id:Invaded, tags: 
Ikoku Irokoi Romantan, tags: 
Imawa no Kuni no Alice, tags: 
"Inari, Konkon, Koi Iroha.", tags: 
Inferno Cop, tags: 
Inu to Neko Docchi mo Katteru to Mainichi Tanoshii, tags: 
Inu x Boku SS, tags: 
Inu x Boku SS: Miketsukami-kun Henka/Switch/Omamagoto, tags: 
Inu-Ou, tags: 
Inugami-san to Nekoyama-san, tags: 
Inugami-san to Nekoyama-san: Nekoyama-san to Onsen Ryokou, tags: 
Isekai Izakaya: Koto Aitheria no Izakaya Nobu, tags: 
Isekai Shokudou, tags: 
Isekai Shokudou 2, tags: 
Isshuukan Friends., tags: 
Isshuukan Friends. Specials, tags: 
Itou Junji: Collection, tags: 
Itou Junji: Maniac, tags: 
Itsudatte Bokura no Koi wa 10 cm Datta., tags: 
Jibaku Shounen Hanako-kun, tags: 
Jigokuraku, tags: 
Jijou wo Shiranai Tenkousei ga Guigui Kuru., tags: 
Jingai-san no Yome, tags: 
Joker Game, tags: 
Josee to Tora to Sakana-tachi, tags: 
Jouran: The Princess of Snow and Blood, tags: 
Jujutsu Kaisen, tags: 
Jujutsu Kaisen 0 Movie, tags: 
Jujutsu Kaisen 2nd Season, tags: 
Junjou Romantica, tags: 
Kageki Shoujo!!, tags: 
Kaguya-hime no Monogatari, tags: 
Kaguya Sama, Name: Kaguya-sama wa Kokurasetai: Tensai-tachi no Renai Zunousen, Name: Love is War, tags: Romance
Kaguya-sama wa Kokurasetai: Ultra Romantic, tags: 
Kaguya-sama wa Kokurasetai: Ultra Romantic Teaser PV - Ishigami Yuu wa Kataritai, tags: 
Kaguya-sama wa Kokurasetai? Tensai-tachi no Renai Zunousen, tags: 
Kaguya-sama wa Kokurasetai? Tensai-tachi no Renai Zunousen OVA, tags: 
Kaiba, tags: 
Maid-sama, Name: Kaichou wa Maid-sama!, tags: Maids, Shojo, Romance
Kaichou wa Maid-sama!: Goshujinsama to Asonjao♥, tags: 
Kaijuu no Kodomo, tags: 
Kaitou Queen wa Circus ga Osuki, tags: 
Kakegurui, tags: 
Kakegurui Twin, tags: 
Kakegurui××, tags: 
Kakurenbo, tags: 
Kakuriyo no Yadomeshi, tags: 
Kakushigoto, tags: 
Kakushigoto Movie, tags: 
Kamigami no Asobi, tags: 
Kamisama Hajimemashita, tags: 
Kamisama Hajimemashita OVA, tags: 
Kamisama Hajimemashita: Kako-hen, tags: 
"Kamisama Hajimemashita: Kamisama, Shiawase ni Naru", tags: 
Kamisama Hajimemashita◎, tags: 
Kamonohashi Ron no Kindan Suiri, tags: 
Kanojo ga Koushaku-tei ni Itta Riyuu, tags: 
Kanojo to Kanojo no Neko: Everything Flows, tags: 
Karigurashi no Arrietty, tags: 
Katsugeki/Touken Ranbu, tags: 
Kawagoe Boys Sing, tags: 
Kawaii dake ja Nai Shikimori-san, tags: 
Kaze no Matasaburou (Movie), tags: 
Kaze Tachinu, tags: 
Kekkai Sensen, tags: 
Kekkai Sensen & Beyond, tags: 
Kemono Jihen, tags: 
Kengan Ashura, tags: 
Kiitarou Shounen no Youkai Enikki, tags: 
Kill La Kill, Name: Kill la Kill, tags: 
Kimetsu no Yaiba, tags: 
Kimetsu no Yaiba Movie: Mugen Ressha-hen, tags: 
Kimetsu no Yaiba: Katanakaji no Sato-hen, tags: 
Kimetsu no Yaiba: Yuukaku-hen, tags: 
Kimi dake ni Motetainda., tags: 
Kimi ni Todoke, tags: 
Kimi ni Todoke 2nd Season, tags: 
Kimi ni Todoke 2nd Season: Minitodo Gekijou, tags: 
Kimi ni Todoke: Kataomoi, tags: 
Kimi no Koe wo Todoketai, tags: 
Kimi no Na wa., tags: 
Kimi no Suizou wo Tabetai, tags: 
Kimi to Boku., tags: 
Kimi to Boku. 2, tags: 
"Kimi to, Nami ni Noretara", tags: 
Kimi wa Houkago Insomnia, tags: 
Kimi wa Kanata, tags: 
Kino no Tabi: The Beautiful World, tags: 
Kino no Tabi: The Beautiful World - Byouki no Kuni - For You, tags: 
Kino no Tabi: The Beautiful World - Nanika wo Suru Tame ni - Life Goes On., tags: 
Kino no Tabi: The Beautiful World - The Animated Series, tags: 
Kino no Tabi: The Beautiful World - Tou no Kuni - Free Lance, tags: 
Kiseijuu: Sei no Kakuritsu, tags: 
Kitsutsuki Tanteidokoro, tags: 
Kobato., tags: 
Koe no Katachi, tags: 
Koi Kaze, tags: 
Koi to Yobu ni wa Kimochi Warui, tags: 
Koi wa Ameagari no You ni, tags: 
Koi☆Sento, tags: 
Kokoro Connect, tags: 
Kokoro Connect: Michi Random, tags: 
Komatta Jiisan, tags:  
Kono Sekai no Katasumi ni, tags: 
Kono Subarashii Sekai ni Shukufuku wo!, tags: 
Konohana Kitan, tags: 
Koori Zokusei Danshi to Cool na Douryou Joshi, tags: 
Koroshi Ai, tags: 
Kotonoha no Niwa, tags: 
Koukyuu no Karasu, tags: 
Kumichou Musume to Sewagakari, tags: 
Kuragehime, tags: 
Kuragehime: Eiyuu Retsuden☆, tags: 
Kuragehime: Soreike! Amars Tankentai, tags: 
Kuro no Su: Chronus, tags: 
Kuroshitsuji, tags: 
Kuroshitsuji II, tags: 
Kuroshitsuji Movie: Book of the Atlantic, tags: 
Kuroshitsuji: Book of Circus, tags: 
Kuroshitsuji: Book of Murder, tags: 
"Kuroshitsuji: Sono Shitsuji, Kougyou", tags: 
Kusuriya no Hitorigoto, tags: 
Kuuchuu Buranko, tags: 
Kuzu no Honkai, tags: 
Kyougoku Natsuhiko: Kousetsu Hyaku Monogatari, tags: 
Kyuujitsu no Warumono-san, tags: 
Kyuuketsuki Sugu Shinu, tags: 
Kyuuketsuki Sugu Shinu 2, tags: 
Larva, tags: 
Larva 2nd Season, tags: 
Larva 3rd Season, tags: 
Little Witch Academia, tags: 
Little Witch Academia: Mahoujikake no Parade, tags: 
Liz to Aoi Tori, tags: 
"Loop 7-kaime no Akuyaku Reijou wa, Moto Tekikoku de Jiyuu Kimama na Hanayome Seikatsu wo Mankitsu suru", tags: 
Love Stage!!, tags: 
Love Stage!!: Chotto ja Nakutte, tags: 
Loveless, tags: 
Lovely★Complex, tags: 
Made in Abyss, tags: 
Made in Abyss Movie 3: Fukaki Tamashii no Reimei, tags: 
Made in Abyss: Retsujitsu no Ougonkyou, tags: 
Magic Kaito, tags: 
Mahou Shoujo Madoka★Magica, tags: 
Mahoutsukai no Yome, tags: 
Mahoutsukai no Yome Season 2, tags: 
Mahoutsukai no Yome Season 2 Part 2, tags: 
Mahoutsukai no Yome: Gakuin-hen, tags: 
Mahoutsukai no Yome: Nishi no Shounen to Seiran no Kishi, tags: 
Mai Mai Shinko to Sennen no Mahou, tags: 
Maiko-san Chi no Makanai-san, tags: 
Majo no Takkyuubin, tags: 
Majo to Yajuu, tags: 
Makura no Danshi, tags: 
Mameneko, tags: 
Mars Red, tags: 
Marulk-chan no Nichijou, tags: 
Mary to Majo no Hana, tags: 
Masamune-kun no Revenge, tags: 
"Masamune-kun no Revenge: Uchi no Mama ni Kagitte/Tsunade Shima, Futatabi./12-Ji wo Sugita Cinderella", tags: 
Mashle, tags: 
Mashle: Shinkakusha Kouho Senbatsu Shiken-hen, tags: 
Massugu ni Ikou., tags: 
Massugu ni Ikou. 2nd Season, tags: 
Mayonaka no Occult Koumuin, tags: 
Meiji Tokyo Renka, tags: 
Midara na Ao-chan wa Benkyou ga Dekinai, tags: 
Migi to Dali, tags: 
Miira no Kaikata, tags: 
Mijikamon, tags: 
Mikakunin de Shinkoukei, tags: 
Mimi wo Sumaseba, tags: 
Mirai no Mirai, tags: 
Miru Tights, tags: 
Misaki no Mayoiga, tags: 
Mitsuami no Kamisama, tags: 
Miyori no Mori, tags: 
Mizugumo Monmon, tags: 
Mob Psycho 100, tags: 
Mob Psycho 100 II, tags: 
Modern Love Tokyo: Kare ga Kanaderu Futari no Shirabe, tags: 
Momo e no Tegami, tags: 
Momochi-san Chi no Ayakashi Ouji, tags: 
Momokuri, tags: 
Monochrome Factor, tags: 
Mononogatari, tags: 
Mononoke, tags: 
Mononoke Hime, tags: 
Mou Ippon!, tags: 
Moyashimon, tags: 
Mushikaburi-hime, tags: 
Mushishi, tags: 
Mushishi Zoku Shou, tags: 
Mushishi Zoku Shou 2nd Season, tags: 
Mushishi Zoku Shou: Odoro no Michi, tags: 
Mushishi Zoku Shou: Suzu no Shizuku, tags: 
Mushishi: Hihamukage, tags: 
Nakitai Watashi wa Neko wo Kaburu, tags: 
Nami yo Kiitekure, tags: 
Natsume Yuujinchou, tags: 
Natsume Yuujinchou Go, tags: 
Natsume Yuujinchou Go Specials, tags: 
Natsume Yuujinchou Movie: Utsusemi ni Musubu, tags: 
Natsume Yuujinchou Roku, tags: 
Natsume Yuujinchou Roku Specials, tags: 
Natsume Yuujinchou San, tags: 
Natsume Yuujinchou Shi, tags: 
Natsume Yuujinchou: Hitoyoshi Kuma de no Yasashii Jikan, tags: 
Natsume Yuujinchou: Ishi Okoshi to Ayashiki Raihousha, tags: 
Natsume Yuujinchou: Itsuka Yuki no Hi ni, tags: 
Natsume Yuujinchou: Nyanko-sensei to Hajimete no Otsukai, tags: 
Natsunagu!, tags: 
Natsuyuki Rendezvous, tags: 
Neko no Ongaeshi, tags: 
Net-juu no Susume, tags: 
Net-juu no Susume Special, tags: 
Nichijou, tags: 
Nichijou: Nichijou no 0-wa, tags: 
Nihon Animator Mihonichi, tags: 
Nijiiro Days, tags: 
Nijiiro Days: Nijiiro Biyori, tags: 
No Game No Life, tags: 
No.6, tags: 
Nora, tags: 
Noragami, tags: 
Noragami Aragoto, tags: 
Nyanko Days, tags: 
Obey Me!, tags: 
Obey Me! Season 2, tags: 
Odd Taxi, tags: 
Oemojisangjuui, tags: 
Ojiisan no Lamp, tags: 
Ojisan to Marshmallow, tags: 
Ojou to Banken-kun, tags: 
Okashi na Tensei, tags: 
"Okoshiyasu, Chitose-chan", tags: 
Okusama ga Seitokaichou!, tags: 
"Omoi, Omoware, Furi, Furare", tags: 
Omoide no Marnie, tags: 
Omoide Poroporo, tags: 
One Punch Man, tags: 
One Punch Man 2nd Season, tags: 
Onegai☆Teacher, tags: 
Ongaku, tags: 
Ookami Kodomo no Ame to Yuki, tags: 
Ookami Shoujo to Kuro Ouji, tags: 
Ookami to Koushinryou, tags: 
Ookami to Koushinryou II, tags: 
Oooku, tags: 
Opus.COLORs, tags: 
Orange, tags: 
Orange: Mirai, tags: 
Ore dake Level Up na Ken, tags: 
Ore Monogatari!!, tags: 
Ore wo Suki nano wa Omae dake ka yo, tags: 
Orenchi no Furo Jijou, tags: 
Osake wa Fuufu ni Natte kara, tags: 
Oscar's Oasis, tags: 
Oshiete! Galko-chan, tags: 
Otome Game no Hametsu Flag shika Nai Akuyaku Reijou ni Tensei shiteshimatta..., tags: 
Otome Game no Hametsu Flag shika Nai Akuyaku Reijou ni Tensei shiteshimatta... OVA, tags: 
Otome Game no Hametsu Flag shika Nai Akuyaku Reijou ni Tensei shiteshimatta... X, tags: 
Otona Joshi no Anime Time, tags: 
Otonari ni Ginga, tags: 
Ouran Koukou Host Club, tags: 
Ousama Ranking, tags: 
Ousama Ranking: Yuuki no Takarabako, tags: 
Oushitsu Kyoushi Heine, tags: 
Oushitsu Kyoushi Heine Movie, tags: 
Overtake!, tags: 
Owari no Seraph, tags: 
Panty & Stocking with Garterbelt, tags: 
Paradise Kiss, tags: 
Penguin Highway, tags: 
Perfect Blue, tags: 
Petshop of Horrors, tags: 
Piano no Mori (TV), tags: 
Piano no Mori (TV) 2nd Season, tags: 
Plastic Neesan, tags: 
Poputepipikku, tags: 
Princess Principal, tags: 
Princess Principal: Crown Handler Movie 1, tags: 
Princess Principal: Crown Handler Movie 2, tags: 
Princess Principal: Crown Handler Movie 3, tags: 
Promare, tags: 
Psycho-Pass, tags: 
Puparia, tags: 
ReLIFE, tags: 
ReLIFE: Kanketsu-hen, tags: 
Rikei ga Koi ni Ochita no de Shoumei shitemita., tags: 
Rikei ga Koi ni Ochita no de Shoumei shitemita. Heart, tags: 
Ristorante Paradiso, tags: 
Road to You, tags: 
Rokuhou-dou Yotsuiro Biyori, tags: 
Rolling☆Girls, tags: 
Romantic Killer, tags: 
Room Mate, tags: 
Ryuu to Sobakasu no Hime, tags: 
Sabage-bu!, tags: 
Saezuru Tori wa Habatakanai: The Clouds Gather, tags: 
Saiki Kusuo no Ψ-nan, tags: 
Saint☆Oniisan (Movie), tags: 
Sakamichi no Apollon, tags: 
Sakamoto desu ga?, tags: 
Sakasama no Patema, tags: 
Sakugan, tags: 
Sakura Trick, tags: 
Samurai Champloo, tags: 
Sankaku Mado no Sotogawa wa Yoru, tags: 
Sankarea, tags: 
Sanrio Danshi, tags: 
Sarazanmai, tags: 
Sasaki to Miyano, tags: 
Sasaki to Miyano Movie: Sotsugyou-hen, tags: 
Sasaki to Miyano: Koi ni Kizuku Mae no Chotto Shita Hanashi., tags: 
Sasameki Koto, tags: 
Sayonara no Asa ni Yakusoku no Hana wo Kazarou, tags: 
Sayonara Zetsubou Sensei, tags: 
School Rumble, tags: 
Seijo no Maryoku wa Bannou desu, tags: 
Seijo no Maryoku wa Bannou desu Season 2, tags: 
Bunny Girl Senpai, Name: Seishun Buta Yarou wa Bunny Girl Senpai no Yume wo Minai, tags: 
Seishun Buta Yarou wa Yumemiru Shoujo no Yume wo Minai, tags: 
Seiyou Kottou Yougashiten: Antique, tags: 
Sekaiichi Hatsukoi, tags: 
Sekaiichi Hatsukoi 2, tags: 
Sekaiichi Hatsukoi: Propose-hen, tags: 
Sen to Chihiro no Kamikakushi, tags: 
Sennen Joyuu, tags: 
Senpai ga Uzai Kouhai no Hanashi, tags: 
Servamp, tags: 
Servamp Movie: Alice in the Garden, tags: 
Servamp Specials, tags: 
Servant x Service, tags: 
Shadows House, tags: 
Shadows House 2nd Season, tags: 
Shashinkan, tags: 
Shigofumi, tags: 
Shiguang Dailiren, tags: 
Shigurui, tags: 
Shikioriori, tags: 
Shimoneta to Iu Gainen ga Sonzai Shinai Taikutsu na Sekai, tags: 
Shingeki no Bahamut: Genesis, tags: 
Shinigami Bocchan to Kuro Maid, tags: 
Shinigami Bocchan to Kuro Maid 2nd Season, tags: 
Shiro Seijo to Kuro Bokushi, tags: 
Shoujo Shuumatsu Jugyou, tags: 
Shoujo Shuumatsu Ryokou, tags: 
Shounen Maid, tags: 
Shouwa Genroku Rakugo Shinjuu, tags: 
Shouwa Genroku Rakugo Shinjuu: Sukeroku Futatabi-hen, tags: 
Shuumatsu no Walküre, tags: 
Shuumatsu no Walküre II, tags: 
Shuumatsu no Walküre II Part 2, tags: 
SK∞, tags: 
Skip to Loafer, tags: 
Sono Bisque Doll wa Koi wo Suru, tags: 
"Sono Toki, Kanojo wa.", tags: 
Sora no Aosa wo Shiru Hito yo, tags: 
Sora yori mo Tooi Basho, tags: 
Sorairo Utility, tags: 
Soredemo Sekai wa Utsukushii, tags: 
Freiren, Name: Sousou no Frieren, tags: 
Special A, tags: 
Spy X Family, Name: Spy x Family, tags: 
Spy x Family Part 2, tags: 
Spy x Family Season 2, tags: 
Starry☆Sky, tags: 
Stranger: Mukou Hadan, tags: 
Subete ga F ni Naru, tags: 
Sugar Apple Fairy Tale, tags: 
Sugar Apple Fairy Tale Part 2, tags: 
Suki tte Ii na yo., tags: 
Suki tte Ii na yo. Dareka ga, tags: 
Summer Ghost, tags: 
Summer Wars, tags: 
Tabi Machi Late Show, tags: 
Tada-kun wa Koi wo Shinai, tags: 
Taishou Otome Otogibanashi, tags: 
Taisou Zamurai, tags: 
Takano Kousaten, tags: 
Takunomi., tags: 
Tamako Love Story, tags: 
Tamako Market, tags: 
Tanaka-kun wa Itsumo Kedaruge, tags: 
Taneyamagahara no Yoru, tags: 
Tasogare Otome x Amnesia, tags: 
Tasogare Otome x Amnesia: Taima Otome, tags: 
Tenki no Ko, tags: 
Tenkuu no Shiro Laputa, tags: 
Tensei shitara Slime Datta Ken, tags: 
Tensei shitara Slime Datta Ken 2nd Season, tags: 
Tensei shitara Slime Datta Ken 2nd Season Part 2, tags: 
Tensei shitara Slime Datta Ken Movie: Guren no Kizuna-hen, tags: 
Tenshi no Tamago, tags: 
The God of High School, tags: 
Toaru Hikuushi e no Tsuioku, tags: 
Toki wo Kakeru Shoujo, tags: 
Tokyo Godfathers, tags: 
Tokyo Mew Mew New ♡, tags: 
Tomochan, Name: Tomo-chan wa Onnanoko!, tags: 
Tomodachi Game, tags: 
Tonari no Kaibutsu-kun, tags: 
Tonari no Kaibutsu-kun: Tonari no Gokudou-kun, tags: 
Tonari no Seki-kun, tags: 
Tonari no Seki-kun OVA, tags: 
Tonari no Seki-kun Specials, tags: 
Tonari no Totoro, tags: 
Toradora!, tags: 
Toradora!: Bentou no Gokui, tags: 
Tori no Uta, tags: 
Totsukuni no Shoujo, tags: 
Totsukuni no Shoujo (2022), tags: 
Tsubasa to Hotaru, tags: 
Tsubasa to Hotaru (2015), tags: 
Tsubasa to Hotaru (2016), tags: 
Tsuki ga Kirei, tags: 
Tsumiki no Ie, tags: 
Tsundere Akuyaku Reijou Liselotte to Jikkyou no Endou-kun to Kaisetsu no Kobayashi-san, tags: 
Tsurezure Children, tags: 
Tsuritama, tags: 
Tsurune: Kazemai Koukou Kyuudou-bu, tags: 
Tsurune: Kazemai Koukou Kyuudou-bu - Yabai, tags: 
Tsurune: Tsunagari no Issha, tags: 
Turning Girls, tags: 
Twinkle Nora Rock Me!, tags: 
"Uchiage Hanabi, Shita kara Miru ka? Yoko kara Miru ka?", tags: 
Uchouten Kazoku, tags: 
Uchouten Kazoku 2, tags: 
Uchuu Patrol Luluco, tags: 
Uchuu Show e Youkoso, tags: 
Umi ga Kikoeru, tags: 
Umi ni Ochita Tsuki no Hanashi, tags: 
Umibe no Étranger, tags: 
Unbelievable Space Love, tags: 
Undead Girl Murder Farce, tags: 
Under Ninja, tags: 
Under the Dog, tags: 
Uramichi Oniisan, tags: 
Usagi Drop, tags: 
Uta no☆Prince-sama♪ Maji Love 1000%, tags: 
Vampire Hunter D (2000), tags: 
Vampire in the Garden, tags: 
Vampire Knight, tags: 
Vampire Knight Guilty, tags: 
Vanitas no Karte, tags: 
Versailles no Bara, tags: 
Violet Evergarden, tags: 
Violet Evergarden Movie, tags: 
Violet Evergarden: Recollections, tags: 
Wakako-zake, tags: 
Warau Hyouteki, tags: 
Wasurenagumo, tags: 
Wasureta Furi wo Shite, tags: 
Wata no Kuni Hoshi, tags: 
Watashi ga Motete Dousunda, tags: 
Watashi ni Tenshi ga Maiorita!, tags: 
Watashi no Shiawase na Kekkon, tags: 
Watashi no Shiawase na Kekkon: Watashi no Shiawase na Katachi, tags: 
Watashi no Yuri wa Oshigoto desu!, tags: 
"Wei, Kanjian Erduo La!", tags: 
"Wei, Kanjian Erduo La! 2", tags: 
Wonder Egg Priority, tags: 
Wonder Egg Priority: Watashi no Priority, tags: 
Working!!, tags: 
Wotaku ni Koi wa Muzukashii, tags: 
Wotaku ni Koi wa Muzukashii OVA, tags: 
xxxHOLiC, tags: 
Yagate Kimi ni Naru, tags: 
Yahari Ore no Seishun Love Comedy wa Machigatteiru., tags: 
Yahari Ore no Seishun Love Comedy wa Machigatteiru. Zoku, tags: 
Yakusoku no Neverland, tags: 
Yama no Susume, tags: 
Yama no Susume Second Season, tags: 
Yama no Susume Third Season, tags: 
Yamada-kun to 7-nin no Majo, tags: 
Yamada-kun to Lv999 no Koi wo Suru, tags: 
Yamato Nadeshiko Shichihenge♥, tags: 
Yami Shibai, tags: 
Yeon-ae Halujeon, tags: 
Yeon-ae Halujeon 2, tags: 
Yes ka No ka Hanbun ka, tags: 
Yesterday wo Utatte, tags: 
Yesterday wo Utatte: Haishin-ban Episode, tags: 
Yoake Tsugeru Lu no Uta, tags: 
Yojouhan Shinwa Taikei, tags: 
Yojouhan Time Machine Blues, tags: 
Yokohama Kaidashi Kikou, tags: 
Yoru no Kuni, tags: 
Yoru wa Neko to Issho, tags: 
Yosuga no Sora, tags: 
Youjo Senki, tags: 
Youjo Senki Movie, tags: 
Yuri!!! on Ice, tags: 
Yurumates, tags: 
Yurumates wa?, tags: 
Yuukoku no Moriarty, tags: 
Yuukoku no Moriarty OVA, tags: 
Yuukoku no Moriarty Part 2, tags: 
Yuzuki-san Chi no Yonkyoudai., tags: 
Zankyou no Terror, tags: 
Zoku Natsume Yuujinchou, tags: 
Zuori Qing Kong, tags: 
Zutto Mae kara Suki deshita. Kokuhaku Jikkou Iinkai, tags: 